Row,z_1,z_2
0,-0.5771438414376101,-0.13971586425755575
1,-0.7204893920918555,0.07476766584500585
2,-0.731381067155567,0.2188057770515692
3,-0.6567982500510986,0.42729268030434997
4,-0.6152901667296,0.576133996879411
5,-0.30590047928428044,1.0284254282861833
6,-0.231463891863234,1.0784794621787352
7,-0.05262746346224195,1.1637295213821768
8,0.16476352956689905,1.2629360824868843
9,0.5551778324589629,1.379941569759534
10,0.9559903142896106,1.255357244215816
11,1.1798517688255257,1.0497071607647606
12,1.261167562496192,0.8949680997293156
13,1.3056306501656987,0.8134376953357341
14,1.3284607639173913,0.6441324391197587
15,1.2420101090002704,0.41235168106348874
16,1.1445566036788275,0.25066561903791285
17,1.0525651597894843,0.1130259824527226
18,0.9188086190360958,-0.011234095027623014
19,0.8708269974790152,-0.044825181527509195
20,0.6886418787179817,-0.21726174618549837
21,0.5761667383716578,-0.342772839507991
22,0.3531374007541967,-0.49039002616422406
23,0.07421132034458974,-0.5610017409006922
24,-0.2098224581835877,-0.48492253226838056
25,-0.46337284777221915,-0.2786116127146062
26,,
27,-0.30590047928428044,1.0284254282861833
28,-0.6090971947516942,0.6232697415032068
29,-0.6035951076891535,0.7327292098468057
30,-0.5505161864255005,0.8191520721368815
31,-0.4661449381813513,0.9144732045723494
32,,
33,0.7376772593218245,1.3829903559290944
34,0.9559903142896106,1.255357244215816
35,0.5944016582827776,1.3801059803684947
