Row,Area_Good_Normalized,Density_Good_Normalized,Purity_Good,Area_Best_Normalized,Density_Best_Normalized,Purity_Best
bagging,0.9386613952490096,1.0328206170998804,0.9925043140638481,0.0,0.0,0.0
gradient_boosting,0.8755680269154665,1.0981101029707747,0.9996737534663694,0.004257517062633181,0.13507243369160962,1.0
logistic_regression,0.8736008484644037,1.1002836146262815,0.9967366474491461,0.029059553429795788,0.10974161214982817,0.6721311475409836
mlp,0.9011263350339351,1.0709098786537454,0.9949618072484967,0.020589830048312968,0.030469050529970162,0.9166666666666666
random_forest,0.9095664637517945,1.0619497112897887,0.9944252002597965,0.0,0.0,0.0
svc_linear,0.8761332139910777,1.0975210614100492,1.0,0.3219177428146275,0.3965803416593091,0.7252252252252253
svc_rbf,0.8753282584008517,1.0983511700735853,1.0,0.16793450424366188,0.16997425371980784,0.04945054945054945
instance_easiness,0.8754098609454456,1.0983682255265277,0.9994562853414528,0.0,0.0,0.0
