Row,z_1,z_2
0,-1.329873414669677,-0.8267693321564109
1,-0.9803989834997541,-0.3793745908479831
2,-0.8652284402104204,-0.43414731001387236
3,-0.806721160029313,-0.7024751879149733
4,,
5,-1.2115884964266872,0.3780317358455944
6,-1.285447747544935,0.09740154819179125
7,-0.948629423011266,0.4922485953097114
