Row,z_1,z_2
0,-1.0900902702282298,0.31960728704253727
1,-0.5990689326813391,0.84849030135036
2,-1.0195239880949645,0.5107358653433566
