Row,z_1,z_2
0,-0.18521340527805016,-1.0638614190741316
1,0.2665017114571457,-0.6665989402751051
2,0.07312421503685836,-0.9447960634130154
3,,
4,0.6070518302665661,-0.16415663187095508
5,0.4805038679407792,0.5255648056427421
6,0.6811150054357071,0.3677457244565381
7,0.7046271917406616,0.22335411712781708
8,0.6716091172920431,0.0576275006559062
