Row,z_1,z_2
0,-0.6297495133148117,-0.028968173122944196
1,-0.6836359469263509,0.07836944808385621
2,-0.731381067155567,0.2188057770515692
3,-0.6567982500510986,0.42729268030434997
4,-0.6152901667296,0.576133996879411
5,-0.30590047928428044,1.0284254282861833
6,-0.231463891863234,1.0784794621787352
7,-0.05262746346224195,1.1637295213821768
8,0.16476352956689905,1.2629360824868843
9,0.3122690557592763,1.3067521681293326
10,0.5654624221497481,1.3780455345511022
11,0.6777662883254598,1.34445705896434
12,0.7867231954570268,1.3029443561517176
13,0.9134869955198865,1.268111683607256
14,0.9796951107900025,1.2159217524265102
15,1.1498532205239789,1.0325139151015754
16,1.207678941643861,0.9559512363449221
17,1.261167562496192,0.8949680997293156
18,1.3056306501656987,0.8134376953357341
19,1.258335888037834,0.6615475829339313
20,1.2567505264772514,0.531593951228068
21,1.2420101090002704,0.41235168106348874
22,1.1445566036788275,0.25066561903791285
23,1.0525651597894843,0.1130259824527226
24,0.9188086190360958,-0.011234095027623014
25,0.8826842889653035,-0.03649512094891033
26,0.8708269974790152,-0.044825181527509195
27,0.6886418787179817,-0.21726174618549837
28,0.5761667383716578,-0.342772839507991
29,0.3286667798882747,-0.44311982574554476
30,0.24847233125200727,-0.4907773382018192
31,-0.1022417114080435,-0.5068875512851286
32,-0.2098224581835877,-0.48492253226838056
33,-0.46337284777221915,-0.2786116127146062
34,,
35,-0.576895771416901,0.7436678634858476
36,-0.4661449381813513,0.9144732045723494
37,-0.30590047928428044,1.0284254282861833
38,-0.6090971947516942,0.6232697415032068
39,,
40,-0.4661449381813513,0.9144732045723494
41,-0.5693564508999757,0.7707464565254434
42,-0.5505161864255005,0.8191520721368815
