Row,z_1,z_2
0,-0.8920038442480787,0.6373926342945186
1,-0.8579905198128127,0.31201832665206763
2,-0.5169851957251245,0.8328117415495812
