Row,Area_Good_Normalized,Density_Good_Normalized,Purity_Good,Area_Best_Normalized,Density_Best_Normalized,Purity_Best
bagging,1.00365646033923,0.9959069510936513,0.9450145208131655,0.022526354884811004,0.01718195574232604,0.8333333333333334
logistic_regression,0.9706380141941952,1.0290539262788059,0.9877938517179023,0.04966387524573907,0.02337998177256372,0.7777777777777778
random_forest,0.9919224408407217,1.007493006306556,0.9464239607539375,0.9758048735118399,1.022481290976395,0.09484709381263334
svc_linear,0.9706380141941952,1.0290539262788059,0.9906354947042108,0.0,0.0,0.0
instance_easiness,0.9578232592333998,1.0420808474007721,0.9517223550701222,0.0,0.0,0.0
