Row,DCP,TD_P,CL
z_1,-0.485039696608267,0.20420476683800046,-0.5149619949556639
z_2,0.6355882129387769,0.3467534719513877,-0.21883096900278298
