Row,DCP,TD_P,CL
z_1,-0.477766999477716,0.20488170153436386,-0.5173916989998681
z_2,0.638171989972021,0.34733209774862756,-0.2146583888674808
