Row,DCP,TD_P,CL
z_1,-0.904909324633246,-0.3204573354425393,0.09478756886940148
z_2,0.5097526461618136,-0.4462292524906511,0.7749429997590206
