Row,Area_Good_Normalized,Density_Good_Normalized,Purity_Good,Area_Best_Normalized,Density_Best_Normalized,Purity_Best
bagging,0.9751806900143474,0.9817741416672244,0.9839367509568928,0.0,0.0,0.0
logistic_regression,0.9784824128955102,0.978461311405836,1.0,0.0,0.0,0.0
random_forest,0.9740628343154816,0.9825924763057381,0.9843710770775798,0.9832837737250846,0.9742944564249889,0.8852448736439456
svc_linear,0.9835274763276357,0.9740530416192037,1.0,0.0,0.0,0.0
instance_easiness,0.947167039258527,1.0073229412372824,0.9848885530789573,0.0,0.0,0.0
