Row,z_1,z_2
0,-1.3352297906120292,-1.116697132809761
1,-1.3816795639903148,-1.1094396434849048
2,-1.4763614848476037,-1.0341224278022254
3,-1.3374453148589385,-0.8564374637358618
