Row,z_1,z_2
0,-0.6934938227934305,0.48830452394664065
1,-0.640333164680981,0.40263563373438527
2,-0.5948589806425822,0.6205937656421647
