Row,DCP,TD_P,CL
z_1,-0.8055317575602589,-0.42809136535652764,-0.08063974708916949
z_2,0.3034280369629506,-0.4730261897956868,0.7544403435220572
