Row,DCP,CL,TD_P
z_1,-0.19079082073988793,-0.5513706662176004,0.15948308192032215
z_2,0.5004231590607043,0.012339763614367866,0.3729254121645037
